{
  "socialCapitalQuestions": [
    {
      "question": "What rights do households in this community have over this parcel?",
      "questionHindi": "इस पार्सल पर इस समुदाय के परिवारों का अधिकार क्या है?",
      "weight": "20",
      "optiontype": "multiple",
      "options": [
        {
          "opt": "Right to access and use the parcel",
          "optHindi": "पार्सल को पाने और उपयोग करने का अधिकार",
          "val": "0"
        },
        {
          "opt": "Right to benefit from the parcel",
          "optHindi": "पार्सल से लाभ प्राप्त करने का अधिकार",
          "val": "5"
        },
        {
          "opt": "Right to control how the parcel will be used",
          "optHindi": "कैसे पार्सल इस्तेमाल किया जाएगा नियंत्रित करने का अधिकार",
          "val": "10"
        },
        {
          "opt": "Right to exclude others from unauthorized use of the parcel",
          "optHindi": "पार्सल के अनाधिकृत उपयोग से दूसरों को बाहर करने का अधिकार",
          "val": "15"
        },
        {
          "opt": "Right to pass rights to the parcel down to future generations or sell rights to others",
          "optHindi": "भविष्य की पीढ़ियों के लिए पार्सल देने के या दूसरों को अधिकार बेचने का अधिकार",
          "val": "20"
        }
      ]
    },
    {
      "question": "What rights to this parcel are provided through a state-backed and legally recognized record (i.e. title, lease, etc.)?",
      "questionHindi": "राज्य का समर्थन किया और कानूनी रूप से मान्यता प्राप्त रिकॉर्ड के माध्यम (अर्थात शीर्षक, पट्टे आदि) से इस पार्सल को क्या अधिकार  प्रदान की जाती हैं?",
      "weight": "20",
      "optiontype": "multiple",
      "options": [
        {
          "opt": "Right to access and use the parcel",
          "optHindi": "पार्सल को पाने और उपयोग करने का अधिकार",
          "val": "0"
        },
        {
          "opt": "Right to benefit from the parcel",
          "optHindi": "पार्सल से लाभ प्राप्त करने का अधिकार",
          "val": "5"
        },
        {
          "opt": "Right to control how the parcel will be used",
          "optHindi": "कैसे पार्सल इस्तेमाल किया जाएगा नियंत्रित करने का अधिकार",
          "val": "10"
        },
        {
          "opt": "Right to exclude others from unauthorized use of the parcel",
          "optHindi": "पार्सल के अनाधिकृत उपयोग से दूसरों को बाहर करने का अधिकार",
          "val": "15"
        },
        {
          "opt": "Right to pass rights to the parcel down to future generations or sell rights to others",
          "optHindi": "भविष्य की पीढ़ियों के लिए पार्सल देने के या दूसरों को अधिकार बेचने का अधिकार",
          "val": "20"
        }
      ]
    },
    {
      "question": "Are the boundaries for this parcel well known and understood by government authorities and/or community members?",
      "questionHindi": "इस पार्सल के लिए सीमाओं को अच्छी तरह से जाना जाता है और सरकार के अधिकारियों और / या समुदाय के सदस्यों द्वारा समझ रहे हैं?",
      "weight": "5",
      "optiontype": "single",
      "options": [
        {
          "opt": "Both",
          "optHindi": "दोनों",
          "val": "0"
        },
        {
          "opt": "Government or community only",
          "optHindi": "केवल सरकार या समुदाय",
          "val": "10"
        },
        {
          "opt": "None",
          "optHindi": "कोई नहीं",
          "val": "20"
        }
      ]
    },
    {
      "question": "Does this group feel confident that they will be able to continue to use the parcel for this land use without constraints indefinitely into the future?",
      "questionHindi": "क्या इस समूह को भरोसा है कि वे पार्सल भविष्य में अनिश्चित काल के लिए बाधाओं के बिना इस भूमि के उपयोग के लिए उपयोग करने के लिए जारी रखेगा?",
      "weight": "5",
      "optiontype": "single",
      "options": [
        {
          "opt": "Yes",
          "optHindi": "हाँ",
          "val": "0"
        },
        {
          "opt": "Mostly",
          "optHindi": "अधिकतर",
          "val": "5"
        },
        {
          "opt": "Somewhat",
          "optHindi": "कुछ हद तक",
          "val": "10"
        },
        {
          "opt": "Maybe",
          "optHindi": "शायद",
          "val": "15"
        },
        {
          "opt": "No",
          "optHindi": "नहीं",
          "val": "20"
        }
      ]
    },
    {
      "question": "Are there any current disputes related to the boundaries or rights associated with this parcel?",
      "questionHindi": "वहाँ किसी भी वर्तमान सीमाओं या इस पार्सल के साथ जुड़े अधिकारों से संबंधित विवादों हैं?",
      "weight": "5",
      "optiontype": "single",
      "options": [
        {
          "opt": "No",
          "optHindi": "नहीं",
          "val": "0"
        },
        {
          "opt": "One low level",
          "optHindi": "एक कम स्तर",
          "val": "5"
        },
        {
          "opt": "Multiple low level",
          "optHindi": "कई कम स्तर",
          "val": "10"
        },
        {
          "opt": "Open conflict",
          "optHindi": "खुला संघर्ष",
          "val": "20"
        }
      ]
    },
    {
      "question": "If the resource rights are not legally recognized, do households in this community use the parcel and access the resource based upon locally recognized customary norms?",
      "questionHindi": "अगर संसाधन अधिकार को कानूनी रूप से मान्यता प्राप्त नहीं कर रहे हैं तो क्या इस समुदाय में घरों पार्सल का उपयोग और स्थानीय स्तर पर मान्यता प्राप्त प्रथागत मानदंडों के आधार पर संसाधन का उपयोग करते हैं?",
      "weight": "5",
      "optiontype": "single",
      "options": [
        {
          "opt": "Yes",
          "optHindi": "हाँ",
          "val": "0"
        },
        {
          "opt": "Somewhat",
          "optHindi": "कुछ हद तक",
          "val": "10"
        },
        {
          "opt": "No",
          "optHindi": "नहीं",
          "val": "20"
        }
      ]
    },
    {
      "question": "Is there a group or committee in this community with specific responsibility to manage or oversee matters related to use of this parcel?",
      "questionHindi": "इस समुदाय में इस पार्सल के उपयोग से संबंधित मामलों की देखरेख करने का विशेष जिम्मेदारी के साथ एक प्रबंधन या समिति है?",
      "weight": "5",
      "optiontype": "single",
      "options": [
        {
          "opt": "Yes",
          "optHindi": "हाँ",
          "val": "0"
        },
        {
          "opt": "No",
          "optHindi": "नहीं",
          "val": "20"
        }
      ]
    },
    {
      "question": "Are there rules and regulations associated with this parcel that were created by the community itself?",
      "questionHindi": "क्या इस पार्सल के साथ जुड़े समुदाय स्वयं के द्वारा बनाया गया नियमों हैं?",
      "weight": "5",
      "optiontype": "single",
      "options": [
        {
          "opt": "Yes",
          "optHindi": "हाँ",
          "val": "0"
        },
        {
          "opt": "Some",
          "optHindi": "कुछ",
          "val": "10"
        },
        {
          "opt": "No",
          "optHindi": "नहीं",
          "val": "20"
        }
      ]
    },
    {
      "question": "Do all stakeholders within the community generally have equal access to the parcel?",
      "questionHindi": "प्रबंधन समूह समुदाय के सभी वर्गों के प्रतिनिधि शामिल करता है?",
      "weight": "5",
      "optiontype": "single",
      "options": [
        {
          "opt": "Yes",
          "optHindi": "हाँ",
          "val": "0"
        },
        {
          "opt": "Somewhat",
          "optHindi": "कुछ हद तक",
          "val": "10"
        },
        {
          "opt": "No",
          "optHindi": "नहीं",
          "val": "20"
        }
      ]
    },
    {
      "question": "Does the management group include representatives from all segments of the community?",
      "questionHindi": "प्रबंधन समूह समुदाय के सभी वर्गों के प्रतिनिधि शामिल करता है?",
      "weight": "5",
      "optiontype": "single",
      "options": [
        {
          "opt": "Yes",
          "optHindi": "हाँ",
          "val": "0"
        },
        {
          "opt": "Half",
          "optHindi": "आधा",
          "val": "10"
        },
        {
          "opt": "None",
          "optHindi": "कोई नहीं",
          "val": "20"
        }
      ]
    },
    {
      "question": "Are the rules and regulations associated with this parcel generally viewed as fair and legitimate?",
      "questionHindi": "क्या इस पार्सल के साथ जुड़े नियमों आम तौर पर उचित और वैध के रूप में देखा जाता हैं?",
      "weight": "5",
      "optiontype": "single",
      "options": [
        {
          "opt": "Yes",
          "optHindi": "हाँ",
          "val": "0"
        },
        {
          "opt": "By many",
          "optHindi": "कई द्वारा",
          "val": "10"
        },
        {
          "opt": "No",
          "optHindi": "नहीं",
          "val": "20"
        }
      ]
    },
    {
      "question": "How long have the institutions for this parcel been operating?",
      "questionHindi": "इस पार्सल के लिए संस्थानों कब से काम कर रहा है?",
      "weight": "5",
      "optiontype": "single",
      "options": [
        {
          "opt": "20+",
          "optHindi": "20+",
          "val": "0"
        },
        {
          "opt": "15 to 20",
          "optHindi": "15 to 20",
          "val": "5"
        },
        {
          "opt": "10 to 15",
          "optHindi": "10 to 15",
          "val": "10"
        },
        {
          "opt": "5 to 10",
          "optHindi": "5 to 10",
          "val": "15"
        },
        {
          "opt": "0 to 5",
          "optHindi": "0 to 5",
          "val": "20"
        }
      ]
    },
    {
      "question": "How often are decisions made by the committee ignored or not implemented?",
      "questionHindi": "कितनी बार समिति द्वारा किए गए फैसले को नजरअंदाज कर दिया है या नहीं लागू कर रहे हैं?",
      "weight": "5",
      "optiontype": "single",
      "options": [
        {
          "opt": "Never",
          "optHindi": "कभी नहीँ",
          "val": "0"
        },
        {
          "opt": "Sometimes",
          "optHindi": "कभी कभी",
          "val": "10"
        },
        {
          "opt": "Always",
          "optHindi": "हमेशा",
          "val": "20"
        }
      ]
    },
    {
      "question": "How much of your community's livelihoods is generated by this parcel?",
      "questionHindi": "अपने समुदाय की आजीविका का कितना इस पार्सल द्वारा उत्पन्न होता है?",
      "weight": "5",
      "optiontype": "single",
      "options": [
        {
          "opt": "100%",
          "optHindi": "100%",
          "val": "0"
        },
        {
          "opt": "50%",
          "optHindi": "50%",
          "val": "10"
        },
        {
          "opt": "Less than 10%",
          "optHindi": "10 से कम%",
          "val": "20"
        }
      ]
    }
  ]
}