{
  "sovereigns":[
    {
      "countryName":"Australia",
      "sovereignValue":1.905
    },
    {
      "countryName":"Austria",
      "sovereignValue":0.1414
    },
    {
      "countryName":"Belgium",
      "sovereignValue":0.1675
    },
    {
      "countryName":"Brazil",
      "sovereignValue":11.788
    },
    {
      "countryName":"Bulgaria",
      "sovereignValue":2.4
    },
    {
      "countryName":"Canada",
      "sovereignValue":1.022
    },
    {
      "countryName":"Chile",
      "sovereignValue":4.26
    },
    {
      "countryName":"China",
      "sovereignValue":2.698
    },
    {
      "countryName":"Colombia",
      "sovereignValue":7.39
    },
    {
      "countryName":"India",
      "sovereignValue":7.161
    }
  ]
}